created_at,id,lng,lat,topic,sentiment,stance,gender,temperature_avg,aggressiveness,text,statement_about_future,
2008-08-23 11:22:25+00:00,896419415,,,Global stance,0.03110802173614502,believer,male,,not aggressive,study to predict climate change.: academics in perth are leading an international project to predict how.. LINK,n,
2009-03-02 16:43:30+00:00,1269828860,-80.84313,35.22709000000001,Weather Extremes,-0.14807295908927917,neutral,male,-8.607292999999999,not aggressive,sure could use some global warming about now.,n,
2009-03-28 04:53:04+00:00,1405580107,-95.99277000000001,36.153980000000004,Weather Extremes,-0.31946544153690337,denier,male,-8.1944,aggressive,please bring on the global warming.  tulsa is going to have 3-6 of snow by saturday morning.,y,
2009-03-31 09:18:00+00:00,1423385472,0.0088,50.87398,Global stance,0.38038505613803864,believer,female,0.20842588,not aggressive,american corporates get antsy about climate change - go for it i say (tho' seeing will be believing...) LINK # sustainability,n,
2009-06-12 03:39:09+00:00,2126584065,,,Weather Extremes,-0.7244529102563858,denier,male,,aggressive,"i'm not a greenie. don't care much about global warming, but i hate my energy dollars going to people who want us dead.",n,
2009-06-24 10:11:18+00:00,2308595742,,,Politics,-0.006152641773223916,neutral,male,,not aggressive,drinks at parli house with the wongster. i'm thinking that before too long those canapes will be contributing to climate change.,y,
2009-08-05 12:14:58+00:00,3144137284,,,Impact of Resource Overconsumption,-0.6462866944074631,believer,male,,aggressive,"it's so serious, it's so morally weighted that it could kill a novel.  ian mcewan's next subject: climate change  LINK",n,
2009-08-27 15:27:15+00:00,3581115301,,,Global stance,-0.06942670047283173,believer,male,,not aggressive,bbc: protecting societies against impacts of climate change will be much more expensive than the un believes...LINK,y,
2009-09-09 01:34:48+00:00,3853804975,,,Global stance,0.4108918458223343,believer,male,,aggressive,climate change - water resources will be significantly impacted on extremes from floods to drought,y,
2009-11-09 02:04:31+00:00,5547623470,,,Importance of Human Intervantion,0.7713228578805924,believer,male,,aggressive,"amazing climate change video! LINK to quote catherine porter, mama bears, let's step up for our cubs' future'!!!",n,
2009-11-28 19:24:19+00:00,6148553911,,,Global stance,-0.38546206057071686,neutral,male,,aggressive,"munich re, insurance giant, says #climatechange could cost billions LINK #climate #cop15",y,
2009-12-05 12:48:28+00:00,6368379052,,,Importance of Human Intervantion,0.13080760002136232,believer,male,,not aggressive,where could other countries cabinets meet to highlight climate change? | peter walker LINK,n,
2009-12-06 01:43:05+00:00,6386588190,-114.3647561,42.5338019,Weather Extremes,-0.07731867554187777,neutral,male,-9.0926,not aggressive,USER_REF USER_REF this could be a great night if nebraska & clemson win. i hope the bcs system becomes as big a joke as global warming.,y,
2009-12-09 19:19:42+00:00,6505674152,1.29227,52.62860600000001,Importance of Human Intervantion,-0.4529609594345093,neutral,undefined,3.393511,not aggressive,"rt USER_REF world meets to discuss climate change, i've not been invited :-/ nor us... hang on... we might have been busy...",n,
2009-12-20 16:33:08+00:00,6864136656,,,Global stance,-0.37204949862957,believer,male,,not aggressive,"tackling climate change was always going to be a process, not an event, no matter what did or did not happen at #copenhagen",y,
2010-01-08 00:40:41+00:00,7498657070,-117.27420000000001,32.84727,Seriousness of Gas Emissions,0.5706579277992249,believer,male,2.8435922,not aggressive,rt USER_REF: scripps researcher shows how improving developing world cooking methods could slow #global warming: LINK,y,
2010-01-16 21:47:27+00:00,7840325167,,,Ideological Positions on Global Warming,0.03610966756343839,neutral,male,,not aggressive,#youmightbealiberal if you think the haiti earthquake because of global warming and america #tcot #p2,n,
2010-02-03 21:33:09+00:00,8604104673,,,Donald Trump versus Science,-0.16415961544513702,believer,male,,not aggressive,"i really want to golf, too bad the sub zero temperatures say otherwise.  now if only i could find a way to accelerate global warming...",n,
2010-03-05 19:18:47+00:00,10037986390,,,Weather Extremes,-0.03441292390823364,believer,female,,not aggressive,USER_REF global warming and what could happen if we don't do anything about it?,y,
2010-04-08 10:17:56+00:00,11816315297,,,Weather Extremes,-0.2618460778917585,believer,male,,not aggressive,"USER_REF i soooooo hope you are right, but i could almost see snow again i think.. damn global warming.. but rt coming for sure! ;)",n,
2010-04-12 14:06:31+00:00,12047863382,,,Seriousness of Gas Emissions,-0.3855696937365966,neutral,male,,aggressive,"new post: the palinite: if we could find a way to turn up the global warming, we could turn this area... LINK",y,
2010-04-28 13:55:20+00:00,13007642519,,,Global stance,-0.3292498022317886,believer,female,,not aggressive,rt USER_REF: whale excrement could help fight climate change LINK worth tweeting it just for the headline.,y,
2010-08-19 22:25:31+00:00,21612717579,,,Impact of Resource Overconsumption,-0.12706723470687864,believer,male,,aggressive,"paying the poor to plant their own trees might solve many problems (poverty+global warming) even war! use micro finance structure, no waste!",y,
2010-12-16 13:29:34+00:00,15398127531986944,,,Weather Extremes,0.44088201122738063,neutral,male,,aggressive,i could really use some global warming right about now.,n,
2010-12-19 15:19:28+00:00,16512949082398720,-74.0060152,40.7127281,Weather Extremes,-0.38184982153574626,believer,male,-3.3518493,aggressive,global warming doesn't lead to 'warm & sunny all the time'. leads to climate change and disruption of predictable climate patterns.,y,
2011-03-23 00:03:53+00:00,50346994354495488,,,Impact of Resource Overconsumption,-0.6405637394269307,believer,male,,not aggressive,don't give north korea ideas rt USER_REF: a small nuclear war could reverse global warming for several years! how? -- LINK,y,
2011-07-08 16:32:13+00:00,89371218762940416,,,Weather Extremes,0.20767776392300924,believer,male,,not aggressive,#science ancient earth not as hot as previously thought: findings could help better understand global warming today. LINK,n,
2011-09-17 11:17:18+00:00,115021505389268992,-77.53382759,41.89305979,Weather Extremes,-0.3630546685457229,denier,male,-5.0076184,aggressive,i guess hurricane prevalence/intensity isn't tied to global warming anymore. seems like al gore doesn't go predicting bad seasons anymore.,n,
2011-11-01 23:34:48+00:00,131514556429254656,,,Weather Extremes,-0.3671478222608566,neutral,male,,not aggressive,global warming causing ice age! rt USER_REF: is this going to be the 3rd straight record cold winter caused by global warming?,y,
2011-11-21 16:15:50+00:00,138651844657414144,,,Importance of Human Intervantion,-0.0669604650417964,neutral,female,,not aggressive,lol! oh crap-- rt USER_REF: USER_REF he's just planning ahead to get his daughter a bike to help with global warming in the future.,y,
2011-12-03 20:00:01+00:00,143056916707414016,-74.65905000000001,40.34872,Donald Trump versus Science,0.18961979494094847,believer,female,0.5769509,not aggressive,how might global warming affect california's mighty santa ana winds? insight from our friends at USER_REF LINK #climate,y,
2012-06-21 13:45:58+00:00,215802746677379072,,,Donald Trump versus Science,0.38485244467258456,neutral,male,,not aggressive,"this whole ice age thing is getting old, you know what i could go for a global warming #iceage #sid #oneofthebestfilmsever 3",n,
2012-06-30 10:12:49+00:00,219010595750543360,3.3941795,6.4550575,Global stance,-0.32410073623657226,believer,male,0.11984913,not aggressive,global warming and the consequent rising water levels makes flooding inevitable. many more cities including pdp run states will be flooded,y,
2012-07-08 13:44:33+00:00,221962981062348800,,,Weather Extremes,0.017838794883092257,neutral,male,,not aggressive,global warming will increase tropical forests: we've been told often enough that climate change is going to mean... LINK,y,
2012-07-19 08:46:45+00:00,225874304624099328,,,Weather Extremes,0.013602941107749938,neutral,male,,not aggressive,"USER_REF USER_REF they moved the gulf streem last week, probably stopped global warming by now ( - sausages will be USER_REF)",n,
2012-07-19 20:16:44+00:00,226047942941880320,,,Significance of Pollution Awareness Events,-0.5871054838418961,believer,male,,aggressive,insect damage on eocene fossil plants may predict global warming consequences - LINK insect dama... LINK,y,
2012-08-03 06:51:43+00:00,231281172775309312,140.8691498,38.2677554,Weather Extremes,0.5158963938951493,believer,female,2.4231515,not aggressive,d( ) go to my bedroom also global warming and global warming progresses. i will be sleeping all day because dehydration. (−_−),y,
2012-08-06 10:29:23+00:00,232423117044211712,96.81,26.206,Weather Extremes,-0.7356287641525269,believer,male,-0.5293088,not aggressive,whole day under burning sun. global warming is horribly effecting. l'm horrified by thinking future situation of... LINK,n,
2013-03-10 20:25:22+00:00,310848879107129344,-122.71443000000001,38.440470000000005,Weather Extremes,0.5681782316207886,neutral,female,0.6910831000000001,not aggressive,"USER_REF USER_REF still one of the scariest rendering of global warming in sf, arguably. didn't just predict problems of cyberculture!",n, 
2013-04-24 05:55:06+00:00,326937321280774144,-116.78467,34.687430000000006,Importance of Human Intervantion,-0.5397945658922195,neutral,male,1.0737556,not aggressive,un climate chief says 2015 global warming talks won't be a repeat of failed ... LINK,y,
2013-05-22 22:02:08+00:00,337327543088709632,,,Weather Extremes,0.23632072608470917,believer,undefined,,aggressive,"if global warming forecasts are true, the island country of tuvalu might cease to exist within 100 years.",y,
2013-05-29 17:08:41+00:00,339790408362110976,-118.49119,34.019450000000006,Global stance,0.02244594693183899,neutral,female,1.6996337,aggressive,"climate change adaptation: so simple, a caveman could do it | grist LINK #globalwarming",n,
2013-09-16 17:18:08+00:00,379655453841850368,,,Weather Extremes,-0.6389617350684272,neutral,male,,not aggressive,USER_REF USER_REF think you might experience some serious global warming in australia this year :(,y,
2013-09-30 07:57:17+00:00,384587741440122880,,,Weather Extremes,-0.24325841863155365,neutral,male,,aggressive,"'there are advantages to global warming, says minister' - has he worked out this might mean more northerners living longer?",n,
2013-12-21 02:25:40+00:00,414220092600483840,,,Weather Extremes,-0.5783076305866242,neutral,male,,aggressive,would you clone yourself if you could? — thats two cause of global warming there :( LINK,n,
2014-02-08 17:32:20+00:00,432205266205945856,,,Undefined / One Word Hashtags,0.28166748583316803,believer,male,,aggressive,canada's role in an arid future LINK #climatechange #globalwarming,n,
2014-02-14 20:55:21+00:00,434430684841533440,-1.7202003766777243,53.74142710000001,Weather Extremes,0.5405790040969849,neutral,male,0.9736298,not aggressive,"if there is global warming, this is what it could look like in britain: , says geoffrey lean. LINK",y,
2014-05-21 02:16:46+00:00,468938421910929408,-122.33207000000002,47.606210000000004,Weather Extremes,0.05257452058224449,denier,male,1.8356045,aggressive,"wake up, sheeple! USER_REF hasn't been wrong about a single puzzle in 40 years! he's ancient and has to be right about #globalwarming !",n,
2014-08-21 18:34:31+00:00,502524163815649280,,,Weather Extremes,-0.5492631534735362,believer,male,,not aggressive,USER_REF most of the people who actively caused it will be dead when the effects of global warming really get going.,y,
2014-11-16 22:06:56+00:00,534105363545853952,,,Weather Extremes,0.1019786883354187,denier,male,,aggressive,"USER_REF if we start to hear the truth from the #obama administration, there will be instant global warming.",y,
2014-11-21 03:32:26+00:00,535636829286838272,-117.85311000000002,33.78779,Weather Extremes,0.019707315325736996,believer,male,1.4152472,not aggressive,ftr global warming doesn't mean every part of the planet is going to be warmer always #whywesayclimatechangeformorons #p2 #tcot,y,
2014-12-16 02:03:17+00:00,544674090817454080,,,Importance of Human Intervantion,-0.5416749063389642,believer,male,,aggressive,a single word in the in the peru #climatechange negotiations could undermine the whole thing. LINK LINK,n,
2015-03-31 12:02:16+00:00,582875557957779456,,,Global stance,-0.023745116996765136,believer,male,,not aggressive,"network of fungus could help fight climate change and pandemics, experts claim LINK",y,
2015-04-14 01:34:39+00:00,587791042361090048,,,Importance of Human Intervantion,0.6489661599556604,believer,female,,not aggressive,#ontario takes a bold exemplary step to address #climatechange #climateaction; for future generations! #onclimate  LINK,n,
2015-05-08 01:34:30+00:00,596488311763542016,,,Weather Extremes,0.25083874173164367,believer,female,,not aggressive,"USER_REF absolutely well-said! *standing ovation* now, if only you could get your head on straight about global warming... ;)",n,
2015-06-17 11:06:10+00:00,611127692054757376,,,Global stance,-0.007756724953651456,believer,male,,aggressive,pope's climate change encyclical could sway u.s. opinion-scientists LINK,y,
2015-06-18 08:42:26+00:00,611453906200186880,,,Politics,-0.470186991890994,neutral,male,,not aggressive,june 18th: department of energy  climate change announces from april 1st 2016 new onshore wind farms will be excluded from a subsidy scheme,y,
2015-06-18 09:20:16+00:00,611463426829783040,,,Global stance,-0.1404703587055206,believer,male,,not aggressive,"pope predicts future wars over water, to personally call world leaders to discuss climate change: pope francis... LINK",y,
2015-06-22 18:44:23+00:00,613054946121023488,,,Global stance,-0.3791915029287338,believer,male,,not aggressive,"nytpolitics: effects of climate change could cost billions, e.p.a. report says LINK LINK",y,
2015-06-26 22:34:56+00:00,614562513959669760,18.284482099999998,59.242110499999995,Donald Trump versus Science,-0.4077825421651204,believer,male,-1.8336132,not aggressive,USER_REF the test will be if they remember the polar ice has melted due to global warming. talk about cognitive dissonance in action.,n,
2015-07-02 03:13:05+00:00,616444455017684992,,,Importance of Human Intervantion,-0.3573244512081146,believer,male,,not aggressive,USER_REF do you think there will be a major global climate deal at #cop21 this year? we need to act on #climatechange!,y,
2015-07-23 03:27:51+00:00,624058314566057984,,,Global stance,0.01327628290219739,believer,male,,aggressive,"rt rice revolution? new rice could help feed world, fight climate change ... - christian science…  -  LINK",y,
2015-07-24 12:47:25+00:00,624561524825280512,,,Donald Trump versus Science,0.43278855085372925,denier,male,,not aggressive,mini-ice age prediction heats up #climatechange debate! LINK #globalwarming #globalcooling #whatever USER_REF,n,
2015-07-28 19:36:12+00:00,626113949902090240,-87.21691000000001,30.421310000000002,Donald Trump versus Science,-0.1301309690713883,neutral,male,1.5887228,not aggressive,"on now! USER_REF top stories: potus says he could win a 3rd term. plus, hillary flies private after lecturing on global warming",y,
2015-08-05 20:45:03+00:00,629030379509276672,-77.03636999999998,38.89511,Seriousness of Gas Emissions,0.06904108822345734,believer,male,0.9954449,not aggressive,antiburp compound could reduce methane emissions from cows LINK #climatechange,y,
2015-08-28 12:47:56+00:00,637245228823539712,,,Weather Extremes,0.07522636556625367,believer,male,,aggressive,"after all, 'hard-working bill payers' are obviously going to be immune to the effects of climate change. stands to reason.",y,
2015-11-02 17:46:44+00:00,661238024672518144,,,Weather Extremes,-0.6927895783662796,believer,male,,aggressive,"USER_REF welp. even if climate change might not be real, let's assume it is and do something about it because otherwise we're fucked.",y,
2015-12-10 10:45:50+00:00,674902837906636800,153.02809000000002,-27.467940000000002,Undefined / One Word Hashtags,-0.7396051234722137,believer,male,1.9412647,aggressive,#elnino making this #ethiopia's worst drought in 50 years. women and children most affected. #gender #climatechange LINK,n,
2015-12-12 13:28:53+00:00,675668645960380416,4.351697,50.8465573,Global stance,0.007970518708229068,believer,male,4.611351,aggressive,#climatejusticepeace no challenge poses a greater threat to future generations than climate change LINK,y,
2015-12-12 18:57:38+00:00,675751377910546432,-77.0365427,38.89503679999999,Importance of Human Intervantion,0.1259709438085556,believer,female,9.202122,not aggressive,paris agreement commits world to low carbon future LINK via USER_REF #cop21 #climatechange,n,
2015-12-18 05:29:03+00:00,677722219758358528,,,Global stance,0.3594628691673279,believer,male,,not aggressive,rt  some of yr cities will be underwater in a few years because of climate change and yr descendants will be so em… LINK,y,
2015-12-19 12:36:31+00:00,678192184529715200,,,Weather Extremes,0.16991594984531405,neutral,male,,not aggressive,"USER_REF ;o funny thing is, all predictions i've seen somehow make britain an ok place for global warming, others...well, ya know",y,
2015-12-20 20:50:19+00:00,678678840571490304,-2.23333,53.45,Importance of Human Intervantion,0.47069209814071655,believer,undefined,5.8763943,not aggressive,hearing USER_REF speaking about climate change on USER_REF USER_REF #encouraging #cop21 #futuregenerations #greenfuture,n,
2015-12-29 23:05:26+00:00,681974333082890240,,,Weather Extremes,0.637711863595468,believer,male,,not aggressive,think on this when rain pours down tonight: 'enjoy life while you can: in 20 years global warming will hit the fan' LINK,y,
2016-01-13 18:30:46+00:00,687341028408344576,,,Global stance,0.020339566588401817,believer,male,,not aggressive,how huge icebergs could be slowing #climate changeLINK a #solution but thanks #icebergs!,y,
2016-01-24 13:31:47+00:00,691252054468214784,,,Weather Extremes,0.5492948056936264,neutral,female,,not aggressive,"the sun god is the soul of all beings”, indian pm at #cop21. world must turn to sun to power the future.” #climatechange #quote",n,
2016-01-28 23:54:25+00:00,692858296852611072,,,Global stance,0.6868707286039989,believer,male,,not aggressive,.USER_REF: climate change will be big part of discussion. we're ready for that. we'll be doing our part to play a very significant role.,y,
2016-02-23 10:47:12+00:00,702082274565742592,,,Undefined / One Word Hashtags,-0.06728791296482087,believer,female,,not aggressive,drought could impact nearly all u.s. forests - LINK #drought #climatechange #deforestation LINK,y,
2016-02-24 19:58:32+00:00,702583409999286272,,,Politics,0.16559407467842102,believer,male,,not aggressive,rt we watched a video abt climate change and energy in environmental science and i am v excited about the future o… LINK,n,
2016-02-29 05:04:59+00:00,704170477648883712,18.309629599999997,49.0739412,Impact of Resource Overconsumption,-0.4502112440506617,neutral,male,3.1369755,aggressive,doesn't leo know that climate change could have prevented the titanic tragedy? how quickly we forget.,n,
2016-03-04 02:31:01+00:00,705581284186140672,-72.30787000000001,43.71535,Undefined / One Word Hashtags,-0.6723086607376734,believer,male,-5.1539054,not aggressive,#climate change could kill half a million annually by 2050 LINK via USER_REF #globalwarming #divest,y,
2016-03-07 20:43:51+00:00,706943467457527808,-72.7762303,42.061954,Politics,0.4123581647872925,believer,male,0.84578234,not aggressive,ocean sciences article of the day - what these ancient shipwrecks could say about climate change (washington post) LINK,n,
2016-03-11 04:19:27+00:00,708145285034328064,-71.10561000000001,42.3751,Politics,-0.519185198692842,believer,female,10.057297,not aggressive,this lawsuit by a bunch of kids could be a major new front against climate change. LINK via USER_REF,y,
2016-04-28 20:46:09+00:00,725788212816449536,-80.19362000000001,25.7741728,Undefined / One Word Hashtags,0.4601002842187882,believer,female,0.91247296,not aggressive,USER_REF the #children are our future in every way imaginable! #green #science #sealevelrise #climatechange #localis  LINK,y,
2016-04-29 07:05:29+00:00,725944075854045184,-3.7389300000000003,52.2928116,Importance of Human Intervantion,0.6449406559626262,believer,male,-3.5449739,not aggressive,go canberra! bold step into the future #climatechange LINK,n,
2016-05-12 14:36:54+00:00,730768721413873664,-84.47771999999998,37.98869000000001,Weather Extremes,-0.4846231828212738,neutral,male,3.8609326,aggressive,i usually don't go full bag mode on a scientists opinions but to blame climate change for tornados in may might a bit of a stretch,n,
2016-05-18 00:22:14+00:00,732727964190801920,,,Global stance,0.5079548871517181,believer,male,,not aggressive,rt coffee lovers: research: #coffee bean shortage predicted due to climate change LINK via sfg… LINK,y,
2016-06-03 07:38:13+00:00,738635888515817472,7.625187899999999,51.962510099999996,Donald Trump versus Science,0.40732264112342487,neutral,male,3.521786,aggressive,if only we could entangle the quantum states of the new berlin airport with global warming…,n,
2016-07-05 17:01:21+00:00,750374017513709568,,,Impact of Resource Overconsumption,-0.07177919313907623,believer,female,,not aggressive,#antarctica could lose 60% of its #penguins to #climatechange by the end of the century - LINK LINK,y,
2016-07-08 17:02:11+00:00,751461390775451648,77.23149000000002,28.651950000000003,Impact of Resource Overconsumption,0.7400863347632544,believer,male,-0.0023398844,not aggressive,#dogs could b your best #guide on #trekking #trails in #himalayan treks! specially whn you face a sudden #climatechange  in high #altitudes,y,
2016-08-30 18:18:15+00:00,770687091462156288,,,Global stance,-0.03504657850265504,believer,male,,not aggressive,high seas fisheries management could recoup losses due to climate change - LINK high seas ... LINK,y,
2016-08-31 00:53:10+00:00,770786472186306560,,,Weather Extremes,-0.60074050655365,believer,female,,aggressive,2016 is going to kill us all. literally. global warming or aliens or some shit.,y,
2016-09-04 23:24:32+00:00,772576107597926400,-119.69819000000001,34.42083,Significance of Pollution Awareness Events,0.7838855518102645,believer,female,-2.9943678,not aggressive,"fantastic: birds sing to their eggs, and might help their babies deal with #climatechange : LINK via USER_REF",n,
2016-09-05 07:54:20+00:00,772704401756610560,,,Undefined / One Word Hashtags,0.413945809006691,believer,male,,not aggressive,finally someone said it! #coal #nocoal #cleanenergy #cleanfuture #timesup #climatechange #climateaction  LINK,n,
2016-09-11 19:11:45+00:00,775049208655216640,0.1220898930123415,52.1994445,Seriousness of Gas Emissions,-0.19601431462764737,believer,male,0.12293346,not aggressive,humans have destroyed onetenth of earth's wilderness in 25 years study #climatechange? #mindofstate LINK via pst USER_REF,y,
2016-09-13 15:27:47+00:00,775717618481238016,-77.04086075512475,38.88974405,Weather Extremes,-0.6568661733172158,neutral,male,2.6083713,aggressive,the worst thing about global warming is that eventually they won't be able to make new seasons of ice road truckers,y,
2016-09-28 20:47:57+00:00,781234011729309696,,,Global stance,-0.18047503039836887,believer,female,,not aggressive,USER_REF USER_REF a decade or two ahead of schedule. but here in 20 years when world war 3 happens over resources due to climate change,y,
2016-10-08 17:12:08+00:00,784803578292604928,,,Ideological Positions on Global Warming,-0.025021324372291563,believer,male,,aggressive,"so ayotte is going to support an anti-choice, anti-lgbtq, climate change denier who doesn't believe in evolution. LINK",y,
2016-10-15 16:05:08+00:00,787323429464707072,,,Global stance,-0.7032025678157806,denier,male,,not aggressive,the country is going to hell and liberals are obsessed with climate change. LINK,y,
2016-10-18 20:12:53+00:00,788472943290425344,-116.78467,34.687430000000006,Significance of Pollution Awareness Events,0.09301970899105075,believer,male,-0.69744027,not aggressive,perennial grain kernza could counter climate change; eat  drink it (!) tonight @ the perennial LINK via USER_REF,n,
2016-10-27 22:31:45+00:00,791769383135617024,-122.41942000000002,37.774930000000005,Undefined / One Word Hashtags,0.497683122754097,believer,male,1.646162,not aggressive,a daunting visual representation of predicted global sea level rise. LINK #globalwarming #climatechange #climateaction,n,
2016-10-29 15:27:43+00:00,792387445253898240,,,Significance of Pollution Awareness Events,0.17317547876834868,neutral,male,,aggressive,"if we could surrender to earth's intelligence, we would rise up, rooted like trees. rilke #biomimicry… LINK",y,
2016-11-02 18:45:33+00:00,793886783444488192,,,Politics,0.03607572615146637,believer,male,,not aggressive,how climate change could be breaking up a 200-million-year-old relationship - washington post LINK,y,
2016-11-03 21:03:52+00:00,794283980166234112,,,Global stance,-0.5141042375700814,believer,female,,not aggressive,the mediterranean will become a desert unless global warming is limited to 1.5°c LINK,y,
2016-12-01 20:08:00+00:00,804416781683019776,-85.91952368522726,35.200644,Seriousness of Gas Emissions,0.09902827637195587,believer,male,1.5996308,aggressive,#risingtemperatures alter soils ability to store carbon. read about #globalwarming  the future #soilcarbontimebomb LINK,y,
2016-12-18 03:17:53+00:00,810323170230210560,,,Donald Trump versus Science,0.49997755045096076,denier,female,,aggressive,one of the defining dogmas in today's temple of man-made global warming is the #notion that the future can somehow magically be predicted.,n,
2016-12-27 06:20:25+00:00,813630597499260928,,,Undefined / One Word Hashtags,-0.35605172387191225,believer,undefined,,not aggressive,"note to self: right before bed, refrain from reading about climate change  how the ocean could rise 23ft this century",y,
2017-01-26 14:55:31+00:00,824631861624369152,153.02349909999995,-27.4689682,Undefined / One Word Hashtags,0.11423478677272797,believer,male,1.6367793,not aggressive,how global warming could see your city submerged under the sea. read more: LINK LINK,y,
2017-01-30 11:15:43+00:00,826026097250803712,-75.690308,45.421105999999995,Global stance,-0.3073980023145676,believer,female,-1.5273355,aggressive,experts say muzzling of scientists by trump could put brake on economic growth: don pittis LINK - #climatechange,y,
2017-02-12 22:57:57+00:00,830913865252614144,144.9631608,-37.81421760000001,Global stance,-0.5219048664592562,believer,male,-3.3987303,not aggressive,"#climatechange, its not a last minute she'll be right we'll address it tomorrow sort of matter! not if the #welfare of the #future matters!!",n,
2017-05-15 14:21:26+00:00,864123562004590592,-80.31923,40.752010000000006,Global stance,0.08480127010345459,believer,male,-1.8800739,not aggressive,"USER_REF with abrupt climate change already expressing itself, #zoo's will be the only means to save species.  what w… LINK",y,
2017-06-09 16:30:33+00:00,873215753633374208,-80.19366000000001,25.77427,Importance of Human Intervantion,0.21941164622306822,believer,male,0.4169335,not aggressive,this is how far seas could rise thanks to climate change LINK via USER_REF,y,
2017-06-09 21:35:04+00:00,873292386432159744,-4.7564721,55.947342299999995,Importance of Human Intervantion,-0.5109751512289047,believer,male,1.3835704,not aggressive,USER_REF USER_REF only a crowd of climate change denying religious zealots could implement a renewable h… LINK,n,
2017-09-09 12:00:16+00:00,906487417187848192,,,Weather Extremes,-0.5862036138772964,believer,undefined,,not aggressive,i guess the only way folks are going to wise up about climate change is for mother nature to show up  do her worst. LINK,y,
2017-09-11 18:39:24+00:00,907312636106174464,-77.46054000000002,38.303180000000005,Global stance,0.6167352944612503,believer,male,-4.3729343,not aggressive,5 iconic travel experiences that climate change is going to cook LINK via USER_REF  USER_REF,y,
2017-09-13 11:52:29+00:00,907935010266771456,-73.9598939,40.789623899999995,Global stance,-0.419655158829689,believer,female,0.75507134,not aggressive,"scores of bird species could disappear due to #climate change, study finds LINK via USER_REF",y,
2017-09-27 06:57:32+00:00,912934212973375488,,,Importance of Human Intervantion,0.38242041766643525,believer,male,,not aggressive,"rt USER_REF: unless we take action on climate change, future generations will be roasted, toasted, fried  grilled. ~ c. lagarde…",y,
2017-10-11 04:40:24+00:00,917973132383870976,,,Undefined / One Word Hashtags,0.6107165989637374,believer,male,,aggressive,rt USER_REF: fusion is one of five tech #innovations that the world economic forum (USER_REF ) says could save us from #climatechange htt…,y,
2017-10-14 10:17:22+00:00,919145095424888832,74.5411575,32.49353780000001,Undefined / One Word Hashtags,0.0839785923242569,believer,female,1.7482218,not aggressive,rt USER_REF: reducing #carbon footprint could be a solutionall of us must act for #climatechangeso go #green LINK,y,
2017-10-14 20:05:28+00:00,919293098143961088,,,Weather Extremes,0.49498991522789004,believer,male,,aggressive,"rt USER_REF: don't miss #emtechmit, the conference on #emergingtechnologies: LINK #futureofwork #ai #climatechange h…",n,
2017-10-18 05:47:11+00:00,920526653050286080,-1.5527265906663141,43.47114375,Global stance,-0.08106829328536987,believer,female,2.1553876,not aggressive,land management could be key in climate change battle LINK via USER_REF,y,
2017-10-23 15:37:25+00:00,922487129862651906,,,Weather Extremes,-0.48306000632558543,believer,female,,aggressive,"it will be 90 degrees in the bay area on the first day of november. but you're right, climate change is probably a liberal hoax",y,
2017-10-25 15:56:20+00:00,923216667202658306,-125.00244099999999,55.001250999999996,Importance of Human Intervantion,0.08406995038986206,believer,female,1.423486,aggressive,"rt USER_REF: USER_REF can fight #climatechange, by making transit, walking  biking easier. let's #movebc to a better futureLINK",y,
2017-10-29 08:15:13+00:00,924550174160117760,-87.6244212,41.87556160000001,Significance of Pollution Awareness Events,0.480592071723938,believer,male,-5.110035,not aggressive,1 way to reverse climate change is to educate girls. allow them to control their futures. USER_REF… LINK,y,
2017-11-02 02:21:01+00:00,925910586298310656,,,Importance of Human Intervantion,-0.10538851370016736,believer,male,,aggressive,how could you possibly have climate change deniers in office in 2017?? i mean we actually had a chance a decade ago to make a difference,n,
2017-11-03 14:51:57+00:00,926461955686113280,,,Importance of Human Intervantion,0.3697787106513977,believer,male,,aggressive,"USER_REF how you going to fight climate change, the climates been changing since time began.we can work on poll… LINK",n,
2017-11-08 16:53:41+00:00,928304531288367111,,,Importance of Human Intervantion,0.0279377679347992,believer,female,,not aggressive,rt USER_REF: if we delay more.. we might not have a planet to discuss #climatechange USER_REF LINK,y,
2017-11-09 14:50:06+00:00,928635817542799360,,,Undefined / One Word Hashtags,-0.0319772660732269,believer,male,,not aggressive,rt USER_REF: reposting USER_REF:...planting seeds for the future…#newzealand #climatechange #trees #maketheworldabetterp…,n,
2017-11-10 13:16:35+00:00,928974670124154880,-112.07404000000001,33.44838,Weather Extremes,0.7143221578634146,believer,male,3.331921,not aggressive,rt USER_REF: positive news positive news #apha2017 the seven megatrends that could beat global warming:  LINK,y,
2017-11-18 06:25:09+00:00,931770233177673728,,,Global stance,0.49092434346675873,believer,undefined,,not aggressive,rt USER_REF: 7 global megatrends that could beat climate change LINK,y,
2017-11-20 13:00:18+00:00,932594450567659521,,,Donald Trump versus Science,0.19367331464290619,believer,female,,not aggressive,"if climate change doesn't destroy it first, the disc will be retrieved in 100 years time to grace the ears of futu… LINK",y,
2017-11-21 17:45:54+00:00,933028712756465665,,,Seriousness of Gas Emissions,-0.700852650742923,believer,female,,not aggressive,"cap not fit for purpose, says new report: *32% of payments going to 1.5% of farms*does not halt or reverse, agric… LINK",n,
2017-11-21 19:17:04+00:00,933051654198497282,-123.11934000000001,49.249660000000006,Global stance,-0.40320253372192383,believer,male,1.2373155,not aggressive,#vancouvernews with ctvvancouver: rt bhindersajan: he says 100 years from now legislators will be judged on their r… LINK,y,
2017-11-22 11:14:20+00:00,933292557370408960,,,Significance of Pollution Awareness Events,-0.6437999338653353,believer,male,,not aggressive,"if trees could scream, would we be so cavalier about cutting them down? LINK #climatechange… LINK",n,
2017-11-23 01:28:54+00:00,933507619901378560,,,Significance of Pollution Awareness Events,0.5201621353626251,believer,male,,not aggressive,"rt USER_REF: #climatechange will be one of the many things the next generation inherit from us, in the only planet that is currently kn…",y,
2017-11-24 00:47:48+00:00,933859664101441536,,,Undefined / One Word Hashtags,0.33330730063915254,believer,female,,aggressive,large-scale #renewableenergy #technology to combat #climatechange for the sake of current and future generations:… LINK,n,
2017-11-24 09:56:24+00:00,933997722687848448,144.96331999999995,-37.814,Politics,-0.32698308632373807,believer,male,7.61424,not aggressive,rt USER_REF: a reminder that unchecked climate change will be disastrous across qld. vote or preference USER_REF . lnp and onenation…,y,
2017-11-27 19:08:51+00:00,935223915432984576,,,Global stance,-0.2575192426204681,believer,female,,aggressive,in 1940 us gdp was $100 billion; now=$20 trillion with debt about the same=inflation of some 20k % in 75 years and… LINK,n,
2017-11-30 23:59:52+00:00,936384314396196864,-122.9543022,50.1171903,Global stance,-0.07841920735836025,believer,male,3.8416605,not aggressive,trying to figure out how building more oil pipelines is going to help curb #climatechange. please explain again USER_REF #bcpoli,n,
2017-12-01 08:49:47+00:00,936517674351259648,,,Donald Trump versus Science,0.443715704536438,denier,male,,not aggressive,USER_REF USER_REF what were best climate change computer models predicting for 2017  10 years agocheck with tim our abc,n,
2017-12-01 16:58:00+00:00,936640538211528704,,,Importance of Human Intervantion,0.8046597327947617,believer,female,,not aggressive,high-traffic alert. i'm going to be participating in the twitter chat organized by USER_REF on cities who are lea… LINK,y,
2017-12-05 21:16:40+00:00,938155185603452929,-122.27275000000002,37.87159000000001,Impact of Resource Overconsumption,-0.33520449595451357,believer,male,1.712627,not aggressive,just flew over the ventura wildfires. this could be a regular occurrence with the onset of climate change. we must… LINK,y,
2017-12-07 23:04:37+00:00,938907127879528449,0.7125173,52.24603670000001,Global stance,0.08182104249000549,believer,male,2.352359,not aggressive,"yep, carbon credits could help solve climate change, perhaps if we had to pay for them.... see USER_REF… LINK",y,
2017-12-09 01:37:03+00:00,939307875725320194,,,Global stance,-0.35822284453445014,neutral,undefined,,not aggressive,USER_REF it will be all down to climate change in the morning.,y,
2017-12-11 08:19:48+00:00,940134004702953473,,,Weather Extremes,-0.028128360986709594,believer,male,,aggressive,USER_REF USER_REF USER_REF maybe plimer could turn his massive intellect to sorting out the nexus between qu… LINK,n,
2017-12-18 20:14:13+00:00,942850510197018625,,,Global stance,-0.717928234744072,believer,female,,not aggressive,"computers say climate change will be worse than we thought, again (and again) LINK",y,
2017-12-22 04:08:21+00:00,944056994926874624,-78.89862000000001,35.99403,Politics,0.3017607995271683,believer,male,2.5006242000000003,not aggressive,rt USER_REF: no challenge poses a greater threat to future generations than climate change. -president obama LINK,y,
2017-12-22 09:53:57+00:00,944143966009724928,,,Significance of Pollution Awareness Events,-0.38637611713409425,believer,male,,not aggressive,cause  effect - devastating #climatechange could lead to 1m migrants a year entering eu by 2100… LINK,y,
2017-12-28 00:42:25+00:00,946179496742477825,,,Weather Extremes,-0.7120689362049103,believer,male,,not aggressive,"rt USER_REF: man, if global warming gets any worse, we're all going to freeze to death! LINK",y,
2017-12-28 15:35:19+00:00,946404201856413696,-94.74049000000001,32.5007,Weather Extremes,0.00787612795829773,believer,male,-5.355325,aggressive,#megadisasters #devastated #america this year. they're going to #getworse. LINK via USER_REF… LINK,y,
2017-12-29 04:59:00+00:00,946606453644603392,,,Politics,-0.44347346172332763,neutral,female,,aggressive,trump says east could use some global warmingLINK,n,
2017-12-29 05:30:48+00:00,946614455604994049,,,Donald Trump versus Science,-0.37615257501602173,denier,male,,aggressive,"USER_REF remember back in 2005, when we were going to have 1 or 2  hurricane katrinas every year because of clima… LINK",n,
2017-12-30 09:10:05+00:00,947032029010579461,,,Politics,-0.3223369282007217,believer,male,,aggressive,USER_REF USER_REF you know. maybe it would be a really good idea to prohibit future presidents from ch… LINK,n,
2017-12-31 00:43:37+00:00,947266961641263104,,,Donald Trump versus Science,-0.43700707302093506,neutral,male,,not aggressive,trump: us 'could use a bit of global warming' LINK,n,
2018-01-03 02:29:35+00:00,948380791570014208,,,Donald Trump versus Science,0.6383991217136383,believer,female,,not aggressive,"rt USER_REF: 2017 was the hottest year on record without an el niño, thanks to global warming. climate scientists predicted the rapid ris…",n,
2018-01-04 15:48:13+00:00,948944161813815296,18.0710935,59.325117199999994,Seriousness of Gas Emissions,0.5682228058576584,believer,male,4.787737,not aggressive,"rt USER_REF: scientists find evidence of rapid #climatechange in the arctic- these changes,  could also be delivering more nutrients,…",y,
2018-01-07 06:38:13+00:00,949892914229817345,,,Weather Extremes,-0.7009458504915237,believer,undefined,,not aggressive,USER_REF try not to take on the whole global warming doom. media  individuals say stuff about future but no one… LINK,n,
2018-01-07 14:03:23+00:00,950004944668692480,,,Undefined / One Word Hashtags,0.06140088059902194,believer,male,,not aggressive,who. rising sea levels increase the risk of coastal flooding and could cause population displacement.… LINK,y,
2018-01-08 11:32:57+00:00,950329475455053827,,,Weather Extremes,0.34275968871116635,believer,male,,not aggressive,"rt USER_REF: people don't realize how relentless global warming will be. kevin trenberth: co2 lasts 100's yrs, continuing to heat up t…",y,
2018-01-10 10:54:33+00:00,951044584028672000,,,Global stance,-0.01563789074420929,believer,female,,not aggressive,"rt USER_REF: cost of climate change adaptation could destabilise african countries, un warns LINK",y,
2018-01-15 08:19:37+00:00,952817534251814912,,,Undefined / One Word Hashtags,0.46481693061915313,neutral,undefined,,not aggressive,rt USER_REF: 2050 life investments ex-ceo jose lindo will be climatecoin's new chief officer. #crypto #climateaction #climatechange…,y,
2018-01-22 10:19:30+00:00,955384420009066496,148.16438000000002,-33.89549,Global stance,-0.9104185409307479,believer,male,5.6981077,not aggressive,USER_REF USER_REF one could add debt and deficit disaster and climate change is crap.,n,
2018-01-26 16:23:32+00:00,956925583346331650,-95.3676974,29.7589382,Donald Trump versus Science,-0.7857462560892106,denier,female,1.9716289,not aggressive,USER_REF USER_REF then there will be no dooms day.. because the clock has moved 30 seconds ahead of all the… LINK,y,
2018-01-27 17:39:31+00:00,957307094868295686,36.826061224105075,-1.30316895,Politics,-0.02081107413768768,believer,male,0.5858188,not aggressive,rt USER_REF: no challenge poses a greater threat to future generations than climate change. -president obama LINK,y,
2018-01-30 20:50:44+00:00,958442379383590912,16.372504199999998,48.208353699999996,Donald Trump versus Science,-0.20444034292697902,believer,male,5.643497,not aggressive,theory:why is USER_REF going to mars? cause he knows climate change  doesnt expect most of humanity to help: a)selection b)second chance.,y,
2018-01-31 12:25:11+00:00,958677540171911168,32.581353899999996,0.31771370000000004,Global stance,-0.2732027091503143,believer,male,0.5705101,not aggressive,"rt USER_REF: with alarming predictions that hotter, drier weather caused by climate change could devastate #african #maize production, l…",y,
2018-01-31 14:10:16+00:00,958703983165665281,,,Global stance,-0.4147546700080236,believer,male,,not aggressive,finding cold water organisms to seed into mars' ocean will be hard if climate change renders them extinct. it might… LINK,y,
2018-02-01 18:40:27+00:00,959134365899993088,-122.80378,45.4871723,Global stance,0.45628485083580017,believer,female,1.6064954,not aggressive,rt USER_REF: hey bio people i need to talk to a person about what kinds of animals might thrive/be around more with climate change (t…,n,
2018-02-01 22:12:30+00:00,959187729421602817,,,Importance of Human Intervantion,0.7410300007343292,believer,male,,not aggressive,"tomorrow night at drapers lounge from 6-8:30pm, for our climate change/sustainability campaign we will be  holding… LINK",n,
2018-02-04 03:47:58+00:00,959996929152376832,,,Politics,-0.6969130466461182,denier,female,,not aggressive,"ah...got it, 2018 will be about climate change. that's all the dems have to run on fake science. LINK",n,
2018-02-05 19:16:05+00:00,960592886302756864,-121.89058299999999,37.3361905,Importance of Human Intervantion,0.39355599880218506,believer,male,6.40706,not aggressive,global temperatures could pass limit set by paris climate deal within 5 years LINK LINK,y,
2018-02-08 03:55:30+00:00,961448375244808193,32.581353899999996,0.31771370000000004,Global stance,-0.685919280385971,believer,female,1.4136713,not aggressive,"this is extremely worrying, as consequences are global. will future us governments open their doors to #climate ref… LINK",n,
2018-02-14 21:07:48+00:00,963882492053934080,,,Ideological Positions on Global Warming,-0.7759863481044769,believer,female,,aggressive,the same people who deny science and climate change are going to say ban idiots not guns? yeah i don't think so...,n,
2018-02-16 20:57:04+00:00,964604563633434630,-90.07507000000001,29.95465,Politics,-0.5957060892343521,believer,male,8.60897,aggressive,trump's infrastructure plan may ignore climate change. it could be costly.LINK LINK,y,
2018-02-17 19:16:11+00:00,964941565104803840,,,Importance of Human Intervantion,-0.04124806478023532,believer,male,,not aggressive,rt USER_REF: USER_REF start by firing our minister of climate change USER_REF . that could make a significant dent in co2 emissions. n…,y,
2018-02-19 03:47:09+00:00,965432540948508672,-89.09400000000001,42.27113000000001,Undefined / One Word Hashtags,-0.7613298933267594,believer,male,4.0843735,not aggressive,rt USER_REF: a draft USER_REF #climatechange report contains dire news about the warming of the planet - will be exceedingly difficult to avoi…,n,
2018-02-19 18:03:47+00:00,965648120808902657,,,Importance of Human Intervantion,-0.07782262563705444,believer,male,,not aggressive,"rt USER_REF: if you could have a floating city, it would essentially be a start-up country”. #floatingcities #climatechange #architectu…",n,
2018-02-23 20:13:41+00:00,967130363112902656,,,Undefined / One Word Hashtags,0.48362568914890286,believer,male,,not aggressive,cities aren't going to wait: mayors drive action on climate change - namibia press agency LINK LINK,n,
2018-02-27 22:16:23+00:00,968610792013668352,,,Global stance,0.39505922409621147,believer,female,,aggressive,"rt USER_REF: in a new book, larry goulder examines a range of policy options that the u.s. could enact to combat climate change. LINK",n,
2018-03-03 22:03:21+00:00,970057065908637696,,,Undefined / One Word Hashtags,0.5182429060459137,believer,male,,not aggressive,how could deserts benefit from trees and vegetation?LINK #climatechange #climateaction… LINK,y,
2018-03-06 13:19:39+00:00,971012436060000256,,,Weather Extremes,0.166259494972229,neutral,male,,not aggressive,i could solve this whole global warming thing if i could harness the energy with which i delete forwarded emails from friends...love you.,n,
2018-03-08 08:09:24+00:00,971659131567398912,,,Global stance,0.6536994982242584,believer,male,,not aggressive,rt USER_REF: organic farming's mitigation of climate change could make it more attractive to consumers.#organicforallLINK,y,
2018-03-13 05:11:39+00:00,973426341101019141,,,Importance of Human Intervantion,-0.020198464393615723,neutral,female,,not aggressive,rt USER_REF: ahh..u could have told him how u manage the climate change(elections) in india...after every election u hibernate to withsta…,n,
2018-03-13 10:11:13+00:00,973501728615256064,,,Global stance,-0.2061078024148941,believer,male,,not aggressive,rt USER_REF: no continent will be struck as severely by the impacts of climate change as africa.#respondingtoclimatechange,y,
2018-03-14 21:00:51+00:00,974027602401923072,,,Weather Extremes,0.16615337701903451,believer,male,,aggressive,"USER_REF USER_REF i've always wondered why global warming theorist use words like, could. these species could… LINK",n,
2018-03-24 03:49:31+00:00,977391938943897600,,,Global stance,-0.43944916129112244,believer,female,,aggressive,"USER_REF USER_REF speaking of railways, how about churchill? does it not have a future as a viable port a… LINK",n,
2018-03-31 04:40:46+00:00,979941550296846336,-97.74306000000001,30.26715,Weather Extremes,-0.4021800921201706,believer,female,0.9524464,aggressive,rt USER_REF: people who don't give a damn about williamson saying women should be hanged or stephens denying climate change are going to wa…,n,
2018-04-03 10:25:15+00:00,981115404868190208,,,Global stance,-0.3961609384563234,believer,male,,aggressive,the decision could divide automakers and set the trump administration up for a series of legal battles.… LINK,n,
2018-04-07 11:23:09+00:00,982579528395440128,-75.69811999999997,45.411170000000006,Undefined / One Word Hashtags,0.6590739716291427,neutral,female,-4.998121299999998,not aggressive,warming climate could see butterfly loved by churchill return to uk LINK - #climatechange,y,
2018-04-08 10:53:04+00:00,982934346196594688,,,Weather Extremes,-0.6058807606186185,denier,female,,not aggressive,imagine knowing you were going to fuck the entire planet for profit: #shellknew climate change was going to be big… LINK,n,
2018-04-11 10:40:09+00:00,984018259698692096,,,Weather Extremes,-0.3859756355950326,denier,female,,not aggressive,rt USER_REF: USER_REF soon the narrative will be that there is too much snow and because of global warming we will be entering a new ice…,y,
2018-04-12 20:47:34+00:00,984533508814028800,,,Donald Trump versus Science,-0.554568910765648,believer,male,,aggressive,"USER_REF your view could be that the earth is 6000 years old, climate change is a hoax, and vaccines cause auti… LINK",n,
2018-04-17 21:34:30+00:00,986357256408231942,,,Undefined / One Word Hashtags,0.367881569314003,believer,male,,aggressive,alaskan glaciers melting at rate not seen in 400 years LINK via rawstory #globalwarming unstopp… LINK,n,
2018-04-22 13:00:09+00:00,988039758294257664,,,Global stance,0.16480197012424458,neutral,male,,not aggressive,chapter 27 of the eu ascension negotiations – environment and climate change – will be opened most probably in june LINK,y,
2018-04-28 11:58:59+00:00,990198688604553216,-106.46463399999999,31.775415199999998,Weather Extremes,-0.362122923874855,denier,male,0.7353024,not aggressive,"USER_REF i could buy this, but his lib buddies have everyone focused on the global warming hoax.",n,
2018-05-15 10:41:00+00:00,996339661013504000,,,Seriousness of Gas Emissions,-0.04269817814826965,believer,male,,not aggressive,"to me, this should be the low-hanging fruit,” USER_REF says. but as it turns out, it might be easier stopping… LINK",n,
2018-05-24 20:21:32+00:00,999747245212827648,,,Seriousness of Gas Emissions,-0.3187257222175598,believer,male,,not aggressive,rt USER_REF: curbing global warming could save us$20 trillion LINK,y,
2018-06-01 15:41:39+00:00,1002575915262578693,-76.9382069,39.5162234,Importance of Human Intervantion,-0.1010992762565613,believer,male,2.7447267,not aggressive,marylanders know #climatechange is real and dangerous. the future of md's coastal communities depend on… LINK,y,
2018-06-11 17:07:00+00:00,1006221271380758529,-118.24368000000001,34.05223,Weather Extremes,-0.1244771905660629,believer,male,-3.1268113,aggressive,USER_REF to #bigoil: you're going to hell if you don't go green #climatechange LINK LINK,y,
2018-06-12 13:10:17+00:00,1006524088922370048,,,Undefined / One Word Hashtags,0.610523402428627,believer,female,,not aggressive,"how oman's rocks could save the planetLINK #environment, #climatechange",n,
2018-06-13 17:39:13+00:00,1006954153560637441,-123.13741399999999,49.163168,Undefined / One Word Hashtags,-0.5526768997430801,believer,male,-1.2338744,not aggressive,"rt USER_REF: in south sudan, #climatechange could exacerbate access to safe water, lead to poor sanitation and food insecurity. work…",y,
2018-06-17 05:33:50+00:00,1008221155679879168,,,Donald Trump versus Science,0.5267653168439865,believer,female,,not aggressive,USER_REF what life's going to be like on the last day on earth in 500 years due to runaway global warming?… LINK,y,
2018-07-07 05:11:04+00:00,1015463184281419777,-83.6324,32.84069,Weather Extremes,-0.4486265216827392,believer,male,2.3420513,aggressive,we gotta do something about global warming i can't do this for the rest of my life if it's only going to get hotter,y,
2018-07-07 09:19:17+00:00,1015525650508271618,-0.1276474,51.5073219,Donald Trump versus Science,-0.6211646209478379,believer,male,4.0638494,not aggressive,this frightening story - suggesting global temperature rises due to global warming could be double what climate mod… LINK,y,
2018-08-14 15:51:03+00:00,1029394982480818177,-0.1276474,51.5073219,Global stance,-0.11753148356061993,believer,male,4.0638494,not aggressive,the economic damage from coastal #flooding in #europe could reach almost €1 trillion per year by 2100 without new i… LINK,y,
2018-08-20 07:32:46+00:00,1031443911351435265,,,Weather Extremes,0.5164523794174194,believer,female,,not aggressive,"this is the moment when people start to realise that global warming is not a problem for future generations, but f… LINK",y,
2018-08-22 00:14:08+00:00,1032058300597235713,,,Global stance,-0.535442800116539,believer,female,,not aggressive,one of the saddest things about climate change is that the people that will be affected the most are the ones that… LINK,n,
2018-08-22 14:20:45+00:00,1032271360133918721,-71.05977,42.358430000000006,Global stance,0.06829243943010056,believer,female,2.2066703,not aggressive,"rt USER_REF: we have left the era where we could have largely prevented climate change, and — for all intents and purposes — have lock…",n,
2018-08-24 13:44:26+00:00,1032986996459925505,-121.31106000000001,38.2910251,Importance of Human Intervantion,0.5008019371466204,neutral,female,-4.007341,not aggressive,USER_REF USER_REF i can't wait for the next shandalar expansion pack! i hear it's going to include two… LINK,n,
2018-08-25 04:24:36+00:00,1033208496962134016,,,Undefined / One Word Hashtags,0.41533665359020233,believer,male,,not aggressive,rt USER_REF: #investing for the future of #energy USER_REF LINK #climatechange #lowcarbon #environment #climateac…,n,
2018-08-25 19:48:04+00:00,1033440895394185216,,,Seriousness of Gas Emissions,0.04808255505561829,believer,male,,aggressive,geoengineering efforts that reflect sunlight back into space could help counteract global warming. but internationa… LINK,y,
2018-08-28 02:28:04+00:00,1034266335566426112,,,Seriousness of Gas Emissions,0.05297436785697934,believer,male,,aggressive,geoengineering efforts that reflect sunlight back into space could help counteract global warming. but internationa… LINK,y,
2018-08-30 00:00:47+00:00,1034954046396882944,-79.4163,43.70011,Politics,0.08406381833553314,denier,female,8.552754,not aggressive,"rt USER_REF: 30 years ago, climate researcher james hansen warned the us congress about global warming. his prediction was remarkably a…",n,
2018-08-30 18:00:30+00:00,1035225764541739008,-118.755997,36.7014631,Global stance,0.6981094659696926,believer,female,-1.8408424,not aggressive,"rt USER_REF: new science on the impacts of climate change could finally motivate rich, high-emitting countrie… LINK",n,
2018-09-01 00:13:43+00:00,1035682073531613185,,,Donald Trump versus Science,0.7106515771150589,believer,female,,not aggressive,in 16 years from now trees will be underwater due to global warming and we will be running for our lives. what a am… LINK,y,
2018-09-02 17:02:02+00:00,1036298215962955776,,,Undefined / One Word Hashtags,0.5260342061519623,believer,male,,aggressive,rising ocean waters from #globalwarming could cost trillions of dollars | john abraham LINK w… LINK,y,
2018-09-04 17:33:46+00:00,1037030975014940672,-83.7312291,42.2681569,Importance of Human Intervantion,-0.3368688646986371,believer,male,8.259166,not aggressive,"USER_REF well, i'm glad to see we went from a study, un-replicated, that shows something might be feasible in… LINK",n,
2018-09-06 09:33:23+00:00,1037634857487282176,,,Politics,0.04002514183521272,believer,male,,not aggressive,rt USER_REF: apparently the robots are going to get us before climate change does LINK,y,
2018-09-09 05:17:26+00:00,1038657609509875713,,,Politics,0.6712390643119812,believer,female,,not aggressive,"rt USER_REF: asking questions lets the candidates know we care about climate change, and that it will be a top issue for moms when we…",y,
2018-09-12 17:39:58+00:00,1039931639630114816,-101.0422954,52.085039699999996,Donald Trump versus Science,-0.3027055797100067,denier,male,0.8743726999999999,not aggressive,USER_REF the scientists that were paying attention to climate change were predicting storms like florence 30 years ago......,n,
2018-09-15 18:18:03+00:00,1041028385856806914,,,Global stance,-0.5907731383800506,believer,male,,aggressive,caribbean states beg trump to grasp climate change threat: 'war has come to us' LINK predict t… LINK,n,
2018-09-18 07:08:58+00:00,1041947171149373441,,,Politics,-0.7619500627517701,believer,male,,aggressive,"USER_REF they think that the climate changes are going to stop because they ignore them. in your corner,… LINK",y,
2018-09-20 07:52:51+00:00,1042682989602394112,,,Undefined / One Word Hashtags,0.7024902719418208,believer,male,,not aggressive,rt USER_REF: 7 amazing facts to understand modern  day china#innovation #science #tech #space #climatechange #ev #future #ai #ro…,n,
2018-09-22 20:01:45+00:00,1043591197808197633,,,Importance of Human Intervantion,-0.650649161696434,believer,male,,aggressive,"harper was a rabid climate denier, and they're going to use his targets? what's going on? i think mckenna should re… LINK",n,
2018-09-24 18:23:15+00:00,1044291186293440512,46.72185,24.687730000000002,Importance of Human Intervantion,0.5408008865356446,believer,male,1.9508165,not aggressive,combating #climatechange through #renewableenergy could raise #opportunities for growing the global demand for rele… LINK,y,
2018-09-25 13:30:32+00:00,1044579907702018048,,,Politics,-0.2990787566423416,believer,male,,aggressive,"rt USER_REF: why the costs of climate change might be higher than you think, especially for libertarians: LINK",y,
2018-09-25 16:23:02+00:00,1044623319524421648,,,Global stance,-0.03021096474329632,believer,male,,not aggressive,i just discussed #hurricaneflorence and climate change on USER_REF. it is likely that hurricanes will become somew… LINK,y,
2018-10-02 16:49:05+00:00,1047166592868605958,-1.2649062,52.5310214,Importance of Human Intervantion,0.09258030245304108,neutral,male,4.8523903,not aggressive,USER_REF USER_REF hey USER_REF. please tell me you're planning future business scenarios that meet the 1.5degrees… LINK,n,
2018-10-06 08:51:23+00:00,1048495925092540417,138.59863,-34.92866,Global stance,0.13862610926628113,believer,male,-1.0565948,aggressive,"USER_REF seriously it's great you love sport, but is there a chance you could actually write about importan… LINK",n,
2018-10-08 15:08:30+00:00,1049315607647309824,,,Global stance,-0.18274579654534662,believer,female,,aggressive,rt USER_REF: we're never going to be able to address climate change during the current international struggle against fascist kleptoc…,n,
2018-10-08 17:23:09+00:00,1049349492615643143,-1.9767685243941964,52.990056599999996,Politics,-0.4836284369230271,believer,male,4.8523903,not aggressive,USER_REF USER_REF USER_REF USER_REF i presume that will be so they can be ripped apart by the people who do… LINK,n,
2018-10-09 17:10:04+00:00,1049708586912235526,,,Weather Extremes,0.28952731244564056,neutral,female,,not aggressive,USER_REF oh nah democrip to the day i die! (which will be soon thanks to global warming),y,
2018-10-10 21:25:00+00:00,1050135131992875008,,,Importance of Human Intervantion,-0.01651272458689554,believer,male,,aggressive,USER_REF report got you worried? here's 2 good things for the price of one that you could do right now to help comb… LINK,n,
2018-10-11 00:00:02+00:00,1050174144975958016,,,Undefined / One Word Hashtags,0.31725786990324656,believer,male,,not aggressive,does the latest ipcc report on #climatechange have you worried about the future? then join ccl in dc this november… LINK,n,
2018-10-17 06:30:50+00:00,1052446820381720581,-0.1276474,51.5073219,Donald Trump versus Science,-0.5947298204898834,neutral,male,4.0638494,not aggressive,this might prick up a few ears. #beer #climatechange LINK,n,
2018-10-17 19:50:24+00:00,1052648039687614464,,,Importance of Human Intervantion,-0.5009041054487229,believer,female,,not aggressive,"pffft i dare say i, a failing highschool student, could tell you a million more things about climate change plus th… LINK",n,
2018-10-21 00:12:00+00:00,1053801035817398273,,,Global stance,-0.04229256202379862,believer,male,,aggressive,sure an individual's lifestyle could never change the impact 100 corporations have on climate change but that's no… LINK,n,
2018-10-22 14:01:03+00:00,1054372061156651010,,,Global stance,-0.3401308069229126,believer,male,,not aggressive,climate change could threaten the world's #beer supply. do you care about global warming now? #scicomm… LINK,y,
2018-11-27 23:22:07+00:00,1067559223838441472,,,Seriousness of Gas Emissions,-0.5013355254252752,believer,female,,aggressive,the intergovernmental panel on climate change (ipcc) asserts that limiting global warming to 1.5˚c could avert the… LINK,y,
2018-11-28 14:05:15+00:00,1067781468989079552,,,Politics,0.5716472759485245,believer,male,,not aggressive,rt USER_REF: noah rothman's unmatched confidence in a future generation's ability to unfuck climate change doesn't seem to take int…,n,
2018-12-01 18:58:47+00:00,1068942504278573057,,,Weather Extremes,-0.49780453440348305,believer,male,,not aggressive,rt USER_REF: pretty soon the only climate change deniers left will be tin foil hat conspiracy theorists and chemtrail wackos (plus a certain…,y,
2018-12-04 12:28:46+00:00,1069931514257858560,,,Global stance,-0.12526540467398506,believer,male,,not aggressive,USER_REF good news is they won't be in charge in 2020 or 2021.   i think it is already tooooo late to fix clim… LINK,n,
2018-12-04 22:46:36+00:00,1070087000827551744,-2.0,54.0,Weather Extremes,-0.47718165204171786,denier,male,5.1385045,not aggressive,rt USER_REF: it will be a tough winter because global warming turned out to be a complete lie. #bbcnews,y,
2018-12-06 03:49:03+00:00,1070525502769823745,,,Global stance,0.5223875788211823,believer,male,,not aggressive,विज्ञानं स्पेक्ट्रमी : tackling climate change could save millions of liv... LINK,y,
2018-12-07 15:51:57+00:00,1071069813903122432,,,Importance of Human Intervantion,0.48184184832572935,believer,male,,not aggressive,if we unified and followed the plan we could end all the disparity in the world  reverse climate change in 5 years.,y,
2018-12-08 22:58:11+00:00,1071539463648632834,,,Global stance,0.6136264036655426,neutral,male,,not aggressive,rt USER_REF: what i love about current climate change policy is the idea that the people selling it are going to be living any different…,y,
2018-12-09 22:13:39+00:00,1071890644703109120,,,Global stance,0.03454984707832337,believer,male,,not aggressive,one way could be to inform people of the risk of climate change and also inform the general public of climate change. #climateandenergy,n,
2018-12-13 17:25:16+00:00,1073267621661954048,,,Global stance,0.4861674159765243,believer,male,,not aggressive,this guy is spot on re climate change. i'll just refer to him in all future discussions. LINK,n,
2018-12-13 19:24:38+00:00,1073297663083405314,-81.87230840000002,26.640628000000007,Seriousness of Gas Emissions,-0.32530748846530916,neutral,male,0.407566,aggressive,obama met with the noaa chief about global warming an estimated 50 times in 8 years. number of times that trump has… LINK,n,
2018-12-14 11:42:44+00:00,1073543810809032704,,,Importance of Human Intervantion,0.49848217556476593,believer,male,,not aggressive,"today ends #cop24, the USER_REF conference with the aim that all the #european countries could become carbon neutral… LINK",y,
2018-12-14 14:52:47+00:00,1073591636297437184,-0.1276474,51.5073219,Global stance,-0.5974165765020583,believer,female,4.0638494,not aggressive,this is going to get bigger and bigger... i am fortunate enough (thus far) to have barely been directly affected by… LINK,n,
2018-12-23 14:03:27+00:00,1076840714439409665,,,Donald Trump versus Science,-0.2748079852319899,believer,male,,aggressive,"most rhetoric around global warming is ridiculous, and completely at odds with our best scientific predictions. tha… LINK",n,
2018-12-23 18:54:27+00:00,1076913946928529409,,,Politics,0.13752996898757086,believer,male,,aggressive,USER_REF USER_REF sheer claims to be working towards a better future for future generations but also denies cli… LINK,n,
2018-12-26 10:13:33+00:00,1077870021995573248,,,Impact of Resource Overconsumption,0.6109004347085953,believer,female,,not aggressive,in 50 years from now aliens will be underwater due to global warming and we will be full of contempt. what a deligh… LINK,y,
2018-12-28 11:13:40+00:00,1078609924165455872,,,Undefined / One Word Hashtags,0.47964480519294744,believer,male,,not aggressive,#climatechange on pourrait prendre une énorme calotte v/⁦USER_REF⁩ #future #planet #ecology  LINK,n,
2018-12-29 10:10:08+00:00,1078956323319046144,,,Global stance,-0.3796588534082685,believer,male,,not aggressive,USER_REF USER_REF USER_REF they have made conclusions on whether climate change will be advantageous or not… LINK,n,
2018-12-29 13:21:30+00:00,1079004483986829314,,,Significance of Pollution Awareness Events,-0.4757725843565805,neutral,male,,not aggressive,USER_REF USER_REF USER_REF it's obvious dems aren't going to do one fking thing to address clima… LINK,y,
2018-12-30 15:19:47+00:00,1079396639427739653,,,Ideological Positions on Global Warming,-0.14441355898380276,believer,male,,aggressive,"rt USER_REF: systemic racism exists along with homophobia and voter suppression, global warming is going to kill us all, people are working…",y,
2018-12-30 18:02:17+00:00,1079437534785093632,-122.26052000000001,37.507160000000006,Global stance,-0.4026004374027252,believer,female,-3.5773523000000003,not aggressive,"rt USER_REF: we're not going to debate climate change, the existence of it... human activity is a major cause, period. we're not going…",n,
2019-01-02 21:30:13+00:00,1080577023423197203,-118.24368000000001,34.05223,Undefined / One Word Hashtags,0.4482898414134979,believer,male,-3.1268113,not aggressive,a look into our #climatechange history for the sake of our #future. LINK,n,
2019-01-07 22:30:13+00:00,1082404065282347008,,,Weather Extremes,-0.1867351664304733,believer,male,,not aggressive,i will be real global warming scares the shit outta me cuz my home countries could disappear and i would never be able to see them again,y,
2019-01-07 23:55:04+00:00,1082425416600686592,-1.2649062,52.5310214,Global stance,0.1803004592657089,denier,male,4.8523903,aggressive,rt USER_REF: mit climatologist richard lindzen: the current climate change scare will be remembered as the greatest mass delusion in the hi…,y,
2019-02-08 00:00:46+00:00,1093660875704156160,-73.66524509999998,43.3618532,Politics,0.1987549776315689,believer,female,4.711087,not aggressive,"USER_REF i could argue the other side, but even if there is no such thing as climate change conserving resourc… LINK",n,
2019-04-19 22:22:36+00:00,1119365708893151232,,,Undefined / One Word Hashtags,0.6749272267103196,believer,male,,not aggressive,"brilliant, frightening, powerful #climatechange #future #savetheplanet LINK",n,
2019-04-20 02:25:09+00:00,1119426748720893953,-125.00244099999999,55.001250999999996,Politics,0.4311853650093079,believer,male,-2.944888,not aggressive,rt USER_REF: this is what climate change means to future generations. a lesson in vulnerability from ⁦USER_REF⁩ addressing the eu…,n,
2019-04-20 13:35:15+00:00,1119595385410990080,-81.72392579999998,30.365447099999997,Importance of Human Intervantion,0.3708595186471939,believer,female,1.2923737,not aggressive,"rt USER_REF: at this year's annual meeting, several sessions will be looking at climate change and its impact on #mentalhealth. pre…",y,
2019-04-20 15:22:59+00:00,1119622496850812928,,,Weather Extremes,-0.14700927679538728,believer,female,,not aggressive,the temperature of the earth is going to increase 4°c more for the  next 10 years due to global warming.we shou… LINK,y,
2019-04-22 11:52:32+00:00,1120294312133177345,,,Undefined / One Word Hashtags,0.46517935395240784,believer,male,,not aggressive,rt USER_REF: #earthday #earthday2019 #environment #planetearth #future #money #cheaper #cleaner #greener #climatechange #carbon #cleante…,n,
2019-04-22 20:12:31+00:00,1120420137172074497,,,Importance of Human Intervantion,0.05419612824916842,neutral,male,,not aggressive,rt USER_REF: from climate change to brexit our young people should have a say in what will be their inheritance. at 16 you canpay…,n,
2019-04-23 01:18:25+00:00,1120497116663746560,,,Global stance,0.4003635048866272,believer,male,,not aggressive,rt USER_REF: the effects of climate change are altering the world around us. see how the ocean could be impacted by 2100 with USER_REF…,y,
2019-04-23 09:34:30+00:00,1120621960822706177,-2.5966500000000003,51.45523000000001,Undefined / One Word Hashtags,0.42184093879858653,believer,male,4.718789,not aggressive,#architecture firm big has designed a floating city concept that could help populations threatened by extreme weath… LINK,y,
2019-04-24 15:36:36+00:00,1121075475701325824,,,Importance of Human Intervantion,-0.4653530557950337,believer,male,,not aggressive,rt USER_REF: melting arctic permafrost could add nearly $70 trillion to the global cost of climate change unless immediate action is t…,y,
2019-04-24 17:03:26+00:00,1121097327085703169,,,Weather Extremes,0.6405216266870498,believer,male,,not aggressive,USER_REF USER_REF USER_REF i can't wait to die in 12 years from global warming dude,y,
2019-04-25 04:14:16+00:00,1121266147809095680,-122.41990609999999,37.7790262,Global stance,-0.8511968815326691,believer,male,-3.5773523000000003,not aggressive,stupidity might kill us before climate change does.... LINK,y,
2019-04-25 05:14:40+00:00,1121281347836837888,,,Global stance,-0.16048888278007506,believer,male,,aggressive,i could take an alligator but i can't take on climate change without some help.,n,
2019-04-25 14:13:55+00:00,1121417053221658625,,,Donald Trump versus Science,0.7867154361724853,neutral,female,,aggressive,my favorite part of climate change will be when all the face-shaped beauty masks come floating up from the bottom of the ocean,y,
2019-04-26 22:47:31+00:00,1121908695691034624,-8.0,54.11666999999999,Weather Extremes,0.6745867787837981,believer,undefined,4.626529,not aggressive,tonight really proved who cares about our children's and grandchildren future.#gretathunberg USER_REF… LINK,n,
2019-04-28 19:29:46+00:00,1122583703635537921,,,Global stance,-0.21292796471118927,believer,male,,aggressive,rt USER_REF: environmentbill mckibben on how we might avert climate change suicidethe author argues the pipeline to b.c. is folly and can…,n,
2019-04-30 14:13:03+00:00,1123228777423736832,,,Weather Extremes,-0.4667606537977854,believer,male,,not aggressive,rt USER_REF: sure climate change seems bad when all of nature will be dying but when every hour is golden hour our instagram selfie ga…,y,
2019-05-01 01:53:50+00:00,1123405133839077376,,,Importance of Human Intervantion,-0.4473086664676666,denier,male,,aggressive,USER_REF sorry USER_REF i didn't quite catch your answer to the question 'what will be  the cost to th… LINK,n,
2019-05-01 12:47:16+00:00,1123569577802313729,-75.64104,45.0168,Importance of Human Intervantion,0.09752174909114841,believer,female,7.119825,not aggressive,"rt USER_REF: the challenge is launched the rivers are rising, and so are we. this fall will be the climate change election, and we ho…",y,
2019-05-02 03:30:38+00:00,1123791883090657280,,,Weather Extremes,0.07493091609477996,believer,male,,aggressive,USER_REF USER_REF USER_REF according to scientists global warming isn't going to stop until capitalism is dismantled....,y,
2019-05-02 12:28:03+00:00,1123927129534750724,,,Weather Extremes,0.065802325518926,believer,male,,aggressive,USER_REF i mean if you keep acting like that you aren't going to make a change  there are plant based p… LINK,n,
2019-05-06 11:32:27+00:00,1125362685242114048,-76.610759,39.2908816,Global stance,-0.6168464314699174,believer,male,2.7447267,aggressive,we need investment in public transportation and to reduce our reliance on cars if we're going to both reduce conges… LINK,y,
2019-05-06 15:36:45+00:00,1125424168445599745,-73.58781,45.508840000000006,Undefined / One Word Hashtags,0.48480469123883674,believer,female,6.7913770000000016,not aggressive,new report on #biodiversity just released. our responsibility towards future generations...#climatechange… LINK,n,
2019-05-07 22:34:20+00:00,1125891644816089088,,,Global stance,-0.08164006445407868,believer,female,,not aggressive,"our planet, the u.n. climate change report, and why fear of the future is finally sinkingin.… LINK",n,
2019-05-08 12:23:11+00:00,1126100231492444160,0.16319609999999998,51.867627899999995,Donald Trump versus Science,0.4945899567524592,believer,male,3.9290957,aggressive,"rt USER_REF: the more we take, the less there is for future generations: this 83-year-old climate change activist spent his birthday on top o…",y,
2019-05-11 22:56:43+00:00,1127346825743224834,,,Global stance,0.6314123921803066,neutral,male,,aggressive,if you do this to me i might get cozy with you and start talking about cubism and it's influence on french romantic… LINK,y,
2019-05-12 09:18:00+00:00,1127503178013052929,,,Seriousness of Gas Emissions,-0.5540415964444478,believer,male,,aggressive,"given the torrent of dire climate forecasts, many predicting catastrophe if global warming climbs two degrees abov… LINK",y,
2019-05-12 11:15:35+00:00,1127532771780505600,-73.91327000000001,40.75766,Global stance,0.4142367887735367,believer,male,0.76935184,not aggressive,mariani shows the reader one possibility that climate change could bring and does it with a great story to boot.”… LINK,n,
2019-05-13 14:31:20+00:00,1127944419896897536,-72.03236600000002,42.3788774,Weather Extremes,-0.6979364414215088,neutral,male,2.7417371,not aggressive,"oh look, it's going to be late november at my house tomorrow... what. the. f***!?! get your shit together ma… LINK",n,
2019-05-13 19:29:10+00:00,1128019370024886276,,,Weather Extremes,0.574376038312912,neutral,female,,not aggressive,rt USER_REF: gonna die from climate change might as well show love,n,
2019-05-14 20:41:16+00:00,1128399904315985920,,,Donald Trump versus Science,-0.5461991337299347,believer,male,,aggressive,would have to try to prove to the doubter the robot that climate change is real. when the robot could only say no i… LINK,n,
2019-05-15 19:35:26+00:00,1128745724827582464,-118.755997,36.7014631,Global stance,0.48559872148036953,believer,male,-1.8408424,not aggressive,dealing with #climatechange means investing in the future. look again at the consequences of our current trajectory… LINK,n,
2019-05-16 16:40:31+00:00,1129064091958562817,-85.50033,44.25029000000001,Weather Extremes,-0.6616984976973196,believer,male,7.555931599999999,not aggressive,"USER_REF USER_REF no, we will be dead when we can't live anymore. the next generation will be the ones to hav… LINK",y,
2019-05-18 02:45:36+00:00,1129578753842008065,-74.64357220000002,45.0013036,Global stance,-0.44439148807525636,believer,male,6.811544400000002,not aggressive,rt USER_REF: people in government need to be focusing on climate change and not unborn fetuses... there will be no babies if there's no…,y,
2019-08-17 05:25:19+00:00,1162596245854203904,-0.1276474,51.5073219,Politics,0.13025105810165402,denier,undefined,4.0638494,not aggressive,rt USER_REF: greta thunberg's virtue signalling trip on a $4 million dollar yacht to lecture americans about climate change will be mo…,n,
2019-08-19 21:16:19+00:00,1163560348588359680,,,Global stance,-0.2936638923168182,believer,female,,aggressive,rt USER_REF: environmental groups warned that saying climate change is real could be seen as partisan LINK LINK,n,
2019-08-30 01:43:37+00:00,1167251495470997504,,,Global stance,-0.0998264624118805,believer,male,,not aggressive,#climatechange is here. coastal states/countries are going to experience damaging storms with increasing frequency.… LINK,y,
2019-09-22 21:33:34+00:00,1175885877115047936,,,Weather Extremes,-0.5631007643699646,denier,male,,aggressive,"antonio brown isn't going to play in the nfl, climate hoaxers aren't going to reproduce, left wing nut jobs are los… LINK",y,